mean_x,mean_y,mean_z,std_x,std_y,std_z,max_x,max_y,max_z,min_x,min_y,min_z,range_x,range_y,range_z,mean_magnitude,energy_x,energy_y,energy_z
-0.3090977212369652,1.0170232072101533,-1.1513533493636285,-0.8875145348006227,-0.8393929625319249,-0.3694808912951497,-1.058968496313333,0.6767951021705642,0.011316726695250263,0.36224276313203074,1.8450542128896465,0.5220636956565423,-0.6104962524568269,-0.8991077495350325,-0.23183553396328985,0.8721101178209998,-0.6099502347784407,1.038881521792555,-1.1384338633322646
-0.8036540752161119,1.0170232072101533,-0.47186612678837286,-0.251683226286744,-0.2949218517004061,0.20883702551464944,0.1807994993705699,0.6767951021705642,0.011316726695250263,0.36224276313203074,1.0571307056058115,0.5220636956565423,-0.21627445714838284,-0.27903343951087206,-0.23183553396328985,1.0331150626494925,-0.9490484422251951,1.1104482690232942,-0.5119940655198018
2.163684048658765,-1.8097030598886554,2.019587022654232,-1.5233458433145017,-1.5199818510713234,-1.3333440859781485,-1.058968496313333,-2.662904093586986,-0.12448399364774988,1.9706006314382465,-0.7550933611470083,2.3222833358515156,-1.8260134546578635,-1.581189490561609,-1.1591776698164507,-0.41592944080693967,1.9620776783082672,-1.5689409260787597,2.0419528024848552
